{
  "title": "Permissions Definition Schema",
  "type": "object",
  "properties": {
    "permissionName": {
      "type": "string"
    },
    "displayName": {
      "type": "string"
    },
    "id": {
      "type": "string"
    },
    "description": {
      "type": "string"
    },
    "tags": {
      "type": "array",
      "items": {
        "type": "string"
      }
    },
    "subPermissions": {
      "type": "array",
      "items" : {
          "type" : "string"
      }
    },
    "mutable": {
      "type": "boolean"
    },
    "visible" : {
      "type" : "boolean"
    }
  },
  "additionalProperties" : false
}
