{
  "id": 4,
  "title": "Node summary",
  "originalTitle": "Node summary",
  "tags": [],
  "style": "dark",
  "timezone": "browser",
  "editable": true,
  "hideControls": false,
  "sharedCrosshair": false,
  "rows": [
    {
      "collapse": false,
      "editable": true,
      "height": "250px",
      "panels": [
        {
          "aliasColors": {},
          "bars": true,
          "datasource": null,
          "editable": true,
          "error": false,
          "fill": 1,
          "grid": {
            "threshold1": null,
            "threshold1Color": "rgba(216, 200, 27, 0.27)",
            "threshold2": null,
            "threshold2Color": "rgba(234, 112, 112, 0.22)"
          },
          "id": 1,
          "isNew": true,
          "legend": {
            "avg": false,
            "current": false,
            "max": false,
            "min": false,
            "show": true,
            "total": false,
            "values": false
          },
          "lines": false,
          "linewidth": 2,
          "links": [],
          "nullPointMode": "connected",
          "percentage": false,
          "pointradius": 5,
          "points": false,
          "renderer": "flot",
          "seriesOverrides": [],
          "span": 6,
          "stack": true,
          "steppedLine": false,
          "targets": [
            {
              "refId": "B",
              "target": "alias(sumSeriesWithWildcards(folio.okapi.*.*.*.*.vertx.http.servers.*.*.*.*.get-requests.m1_rate, 2, 3, 4, 5), 'GET')",
              "textEditor": false
            },
            {
              "refId": "A",
              "target": "alias(sumSeriesWithWildcards(folio.okapi.*.*.*.*.vertx.http.servers.*.*.*.*.post-requests.m1_rate, 2, 3, 4, 5), 'POST')",
              "textEditor": false
            },
            {
              "refId": "C",
              "target": "alias(sumSeriesWithWildcards(folio.okapi.*.*.*.*.vertx.http.servers.*.*.*.*.put-requests.m1_rate, 2, 3, 4, 5), 'PUT')",
              "textEditor": false
            },
            {
              "refId": "D",
              "target": "alias(sumSeriesWithWildcards(folio.okapi.*.*.*.*.vertx.http.servers.*.*.*.*.delete-requests.m1_rate, 2, 3, 4, 5), 'DELETE')",
              "textEditor": false
            }
          ],
          "timeFrom": null,
          "timeShift": null,
          "title": "HTTP requests for node $node",
          "tooltip": {
            "msResolution": false,
            "shared": true,
            "value_type": "cumulative"
          },
          "type": "graph",
          "xaxis": {
            "show": true
          },
          "yaxes": [
            {
              "format": "short",
              "label": null,
              "logBase": 1,
              "max": null,
              "min": null,
              "show": true
            },
            {
              "format": "short",
              "label": null,
              "logBase": 1,
              "max": null,
              "min": null,
              "show": true
            }
          ]
        },
        {
          "aliasColors": {},
          "bars": true,
          "datasource": null,
          "editable": true,
          "error": false,
          "fill": 1,
          "grid": {
            "threshold1": null,
            "threshold1Color": "rgba(216, 200, 27, 0.27)",
            "threshold2": null,
            "threshold2Color": "rgba(234, 112, 112, 0.22)"
          },
          "id": 2,
          "isNew": true,
          "legend": {
            "avg": false,
            "current": false,
            "max": false,
            "min": false,
            "show": true,
            "total": false,
            "values": false
          },
          "lines": false,
          "linewidth": 2,
          "links": [],
          "nullPointMode": "connected",
          "percentage": false,
          "pointradius": 5,
          "points": false,
          "renderer": "flot",
          "seriesOverrides": [
            {
              "alias": "5XX Error",
              "color": "#890F02"
            },
            {
              "alias": "4XX Bad Request",
              "color": "#CCA300"
            },
            {
              "alias": "2XX OK",
              "color": "#508642"
            }
          ],
          "span": 6,
          "stack": true,
          "steppedLine": false,
          "targets": [
            {
              "refId": "A",
              "target": "alias(sumSeriesWithWildcards(folio.okapi.*.*.*.*.vertx.http.servers.*.*.*.*.responses-2xx.m1_rate, 2, 3, 4, 5), '2XX OK')",
              "textEditor": true
            },
            {
              "refId": "B",
              "target": "alias(sumSeriesWithWildcards(folio.okapi.*.*.*.*.vertx.http.servers.*.*.*.*.responses-4xx.m1_rate, 2, 3, 4, 5), '4XX Bad Request')",
              "textEditor": true
            },
            {
              "refId": "C",
              "target": "alias(sumSeriesWithWildcards(folio.okapi.*.*.*.*.vertx.http.servers.*.*.*.*.responses-5xx.m1_rate, 2, 3, 4, 5), '5XX Error')",
              "textEditor": true
            }
          ],
          "timeFrom": null,
          "timeShift": null,
          "title": "HTTP Responses for node $node",
          "tooltip": {
            "msResolution": false,
            "shared": true,
            "value_type": "individual"
          },
          "type": "graph",
          "xaxis": {
            "show": true
          },
          "yaxes": [
            {
              "format": "short",
              "label": null,
              "logBase": 1,
              "max": null,
              "min": null,
              "show": true
            },
            {
              "format": "short",
              "label": null,
              "logBase": 1,
              "max": null,
              "min": null,
              "show": true
            }
          ]
        }
      ],
      "title": "Row"
    },
    {
      "collapse": false,
      "editable": true,
      "height": "250px",
      "panels": [
        {
          "aliasColors": {},
          "bars": false,
          "datasource": null,
          "editable": true,
          "error": false,
          "fill": 1,
          "grid": {
            "threshold1": null,
            "threshold1Color": "rgba(216, 200, 27, 0.27)",
            "threshold2": null,
            "threshold2Color": "rgba(234, 112, 112, 0.22)"
          },
          "id": 3,
          "isNew": true,
          "legend": {
            "avg": false,
            "current": false,
            "max": false,
            "min": false,
            "show": true,
            "total": false,
            "values": false
          },
          "lines": true,
          "linewidth": 2,
          "links": [],
          "minSpan": 4,
          "nullPointMode": "connected",
          "percentage": false,
          "pointradius": 5,
          "points": false,
          "renderer": "flot",
          "seriesOverrides": [],
          "span": 4,
          "stack": false,
          "steppedLine": false,
          "targets": [
            {
              "refId": "B",
              "target": "aliasByNode(sumSeriesWithWildcards(folio.okapi.10.36.1.$node.proxy.*.*.*.m1_rate, 7, 8), 7)"
            }
          ],
          "timeFrom": null,
          "timeShift": null,
          "title": "Modules served by node \"$node\"",
          "tooltip": {
            "msResolution": false,
            "shared": true,
            "value_type": "cumulative"
          },
          "type": "graph",
          "xaxis": {
            "show": true
          },
          "yaxes": [
            {
              "format": "short",
              "label": null,
              "logBase": 1,
              "max": null,
              "min": null,
              "show": true
            },
            {
              "format": "short",
              "label": null,
              "logBase": 1,
              "max": null,
              "min": null,
              "show": true
            }
          ]
        },
        {
          "aliasColors": {},
          "bars": false,
          "datasource": null,
          "editable": true,
          "error": false,
          "fill": 1,
          "grid": {
            "threshold1": null,
            "threshold1Color": "rgba(216, 200, 27, 0.27)",
            "threshold2": null,
            "threshold2Color": "rgba(234, 112, 112, 0.22)"
          },
          "id": 4,
          "isNew": true,
          "legend": {
            "avg": false,
            "current": false,
            "max": false,
            "min": false,
            "show": true,
            "total": false,
            "values": false
          },
          "lines": true,
          "linewidth": 2,
          "links": [],
          "minSpan": 4,
          "nullPointMode": "connected",
          "percentage": false,
          "pointradius": 5,
          "points": false,
          "renderer": "flot",
          "seriesOverrides": [],
          "span": 4,
          "stack": false,
          "steppedLine": false,
          "targets": [
            {
              "refId": "B",
              "target": "aliasByNode(sumSeriesWithWildcards(folio.okapi.10.36.1.$node.proxy.*.*.*.m1_rate, 8, 9), 7)"
            }
          ],
          "timeFrom": null,
          "timeShift": null,
          "title": "Tenants served by node \"$node\"",
          "tooltip": {
            "msResolution": false,
            "shared": true,
            "value_type": "cumulative"
          },
          "type": "graph",
          "xaxis": {
            "show": true
          },
          "yaxes": [
            {
              "format": "short",
              "label": null,
              "logBase": 1,
              "max": null,
              "min": null,
              "show": true
            },
            {
              "format": "short",
              "label": null,
              "logBase": 1,
              "max": null,
              "min": null,
              "show": true
            }
          ]
        }
      ],
      "title": "New row"
    }
  ],
  "time": {
    "from": "now-6h",
    "to": "now"
  },
  "timepicker": {
    "refresh_intervals": [
      "5s",
      "10s",
      "30s",
      "1m",
      "5m",
      "15m",
      "30m",
      "1h",
      "2h",
      "1d"
    ],
    "time_options": [
      "5m",
      "15m",
      "1h",
      "6h",
      "12h",
      "24h",
      "2d",
      "7d",
      "30d"
    ]
  },
  "templating": {
    "list": [
      {
        "current": {
          "selected": false,
          "text": "114",
          "value": "114"
        },
        "datasource": null,
        "hide": 2,
        "includeAll": false,
        "multi": false,
        "name": "node",
        "options": [
          {
            "selected": true,
            "text": "114",
            "value": "114"
          },
          {
            "selected": false,
            "text": "102",
            "value": "102"
          },
          {
            "selected": false,
            "text": "25",
            "value": "25"
          }
        ],
        "query": "folio.okapi.*.*.*.*",
        "refresh": 0,
        "type": "query"
      }
    ]
  },
  "annotations": {
    "list": []
  },
  "schemaVersion": 12,
  "version": 11,
  "links": []
}
