{
  "id": 1,
  "title": "Okapi summary",
  "originalTitle": "Okapi summary",
  "tags": [],
  "style": "dark",
  "timezone": "browser",
  "editable": true,
  "hideControls": false,
  "sharedCrosshair": false,
  "rows": [
    {
      "collapse": false,
      "editable": true,
      "height": "150px",
      "panels": [
        {
          "aliasColors": {},
          "bars": true,
          "datasource": null,
          "editable": true,
          "error": false,
          "fill": 1,
          "grid": {
            "threshold1": null,
            "threshold1Color": "rgba(216, 200, 27, 0.27)",
            "threshold2": null,
            "threshold2Color": "rgba(234, 112, 112, 0.22)"
          },
          "id": 1,
          "isNew": true,
          "legend": {
            "avg": false,
            "current": false,
            "hideEmpty": true,
            "hideZero": true,
            "max": false,
            "min": false,
            "show": true,
            "total": false,
            "values": false
          },
          "lines": false,
          "linewidth": 2,
          "links": [],
          "nullPointMode": "connected",
          "percentage": false,
          "pointradius": 5,
          "points": false,
          "renderer": "flot",
          "seriesOverrides": [
            {}
          ],
          "span": 4,
          "stack": true,
          "steppedLine": false,
          "targets": [
            {
              "refId": "D",
              "target": "alias(sumSeriesWithWildcards(folio.okapi.*.*.*.*.vertx.http.servers.*.*.*.*.get-requests.m1_rate, 2, 3, 4, 5), 'GET')"
            },
            {
              "refId": "E",
              "target": "alias(sumSeriesWithWildcards(folio.okapi.*.*.*.*.vertx.http.servers.*.*.*.*.post-requests.m1_rate, 2, 3, 4, 5), 'POST')"
            },
            {
              "refId": "F",
              "target": "alias(sumSeriesWithWildcards(folio.okapi.*.*.*.*.vertx.http.servers.*.*.*.*.put-requests.m1_rate, 2, 3, 4, 5), 'PUT')"
            },
            {
              "refId": "G",
              "target": "alias(sumSeriesWithWildcards(folio.okapi.*.*.*.*.vertx.http.servers.*.*.*.*.delete-requests.m1_rate, 2, 3, 4, 5), 'DELETE')",
              "textEditor": false
            }
          ],
          "timeFrom": null,
          "timeShift": null,
          "title": "Total HTTP requests per minute",
          "tooltip": {
            "msResolution": true,
            "shared": true,
            "value_type": "cumulative"
          },
          "type": "graph",
          "xaxis": {
            "show": true
          },
          "yaxes": [
            {
              "format": "short",
              "label": null,
              "logBase": 1,
              "max": null,
              "min": null,
              "show": true
            },
            {
              "format": "short",
              "label": null,
              "logBase": 1,
              "max": null,
              "min": null,
              "show": true
            }
          ]
        },
        {
          "aliasColors": {},
          "bars": true,
          "datasource": "graphite",
          "editable": true,
          "error": false,
          "fill": 1,
          "grid": {
            "threshold1": null,
            "threshold1Color": "rgba(216, 200, 27, 0.27)",
            "threshold2": null,
            "threshold2Color": "rgba(234, 112, 112, 0.22)"
          },
          "id": 2,
          "isNew": true,
          "legend": {
            "avg": false,
            "current": false,
            "max": false,
            "min": false,
            "show": true,
            "total": false,
            "values": false
          },
          "lines": false,
          "linewidth": 2,
          "links": [],
          "nullPointMode": "connected",
          "percentage": false,
          "pointradius": 5,
          "points": false,
          "renderer": "flot",
          "seriesOverrides": [
            {
              "alias": "5XX Error",
              "color": "#BF1B00"
            },
            {
              "alias": "2xx OK",
              "color": "#508642"
            },
            {
              "alias": "4xx Bad Request",
              "color": "#CCA300"
            }
          ],
          "span": 4,
          "stack": true,
          "steppedLine": false,
          "targets": [
            {
              "refId": "D",
              "target": "alias(folio.okapi.*.vertx.http.servers.*.*.*.*.responses-2xx.m1_rate, '2XX OK')",
              "textEditor": false
            },
            {
              "refId": "E",
              "target": "alias(folio.okapi.*.vertx.http.servers.*.*.*.*.responses-4xx.select metric, '4xx Bad Request')",
              "textEditor": true
            },
            {
              "refId": "F",
              "target": "alias(folio.okapi.*.vertx.http.servers.*.*.*.*.responses-5xx.m1_rate, '5XX Error')",
              "textEditor": false
            },
            {
              "refId": "A",
              "target": "alias(sumSeriesWithWildcards(folio.okapi.*.*.*.*.vertx.http.servers.*.*.*.*.responses-2xx.m1_rate, 2, 3, 4, 5), '2XX OK')",
              "textEditor": true
            },
            {
              "refId": "B",
              "target": "alias(sumSeriesWithWildcards(folio.okapi.*.*.*.*.vertx.http.servers.*.*.*.*.responses-4xx.m1_rate, 2, 3, 4, 5), '4XX Bad Request')",
              "textEditor": false
            },
            {
              "refId": "C",
              "target": "alias(sumSeriesWithWildcards(folio.okapi.*.*.*.*.vertx.http.servers.*.*.*.*.responses-5xx.m1_rate, 2, 3, 4, 5), '5XX Error')",
              "textEditor": false
            }
          ],
          "timeFrom": null,
          "timeShift": null,
          "title": "HTTP Responses",
          "tooltip": {
            "msResolution": true,
            "shared": true,
            "value_type": "cumulative"
          },
          "type": "graph",
          "xaxis": {
            "show": true
          },
          "yaxes": [
            {
              "format": "short",
              "label": null,
              "logBase": 1,
              "max": null,
              "min": null,
              "show": true
            },
            {
              "format": "short",
              "label": null,
              "logBase": 1,
              "max": null,
              "min": null,
              "show": true
            }
          ]
        },
        {
          "aliasColors": {},
          "bars": false,
          "datasource": null,
          "editable": true,
          "error": false,
          "fill": 1,
          "grid": {
            "threshold1": null,
            "threshold1Color": "rgba(216, 200, 27, 0.27)",
            "threshold2": null,
            "threshold2Color": "rgba(234, 112, 112, 0.22)"
          },
          "id": 17,
          "isNew": true,
          "legend": {
            "avg": false,
            "current": false,
            "max": false,
            "min": false,
            "show": true,
            "total": false,
            "values": false
          },
          "lines": true,
          "linewidth": 2,
          "links": [],
          "nullPointMode": "connected",
          "percentage": false,
          "pointradius": 5,
          "points": false,
          "renderer": "flot",
          "seriesOverrides": [],
          "span": 4,
          "stack": true,
          "steppedLine": false,
          "targets": [
            {
              "refId": "A",
              "target": "folio.okapi.10.36.1.*.modules.count"
            }
          ],
          "timeFrom": null,
          "timeShift": null,
          "title": "Modules on nodes",
          "tooltip": {
            "msResolution": false,
            "shared": true,
            "value_type": "cumulative"
          },
          "type": "graph",
          "xaxis": {
            "show": true
          },
          "yaxes": [
            {
              "format": "short",
              "label": null,
              "logBase": 1,
              "max": null,
              "min": null,
              "show": true
            },
            {
              "format": "short",
              "label": null,
              "logBase": 1,
              "max": null,
              "min": null,
              "show": true
            }
          ]
        }
      ],
      "title": "Row"
    },
    {
      "collapse": false,
      "editable": true,
      "height": "150px",
      "panels": [
        {
          "aliasColors": {},
          "bars": true,
          "datasource": null,
          "editable": true,
          "error": false,
          "fill": 1,
          "grid": {
            "threshold1": null,
            "threshold1Color": "rgba(216, 200, 27, 0.27)",
            "threshold2": null,
            "threshold2Color": "rgba(234, 112, 112, 0.22)"
          },
          "id": 23,
          "isNew": true,
          "legend": {
            "avg": false,
            "current": false,
            "max": false,
            "min": false,
            "show": true,
            "total": false,
            "values": false
          },
          "lines": false,
          "linewidth": 2,
          "links": [],
          "nullPointMode": "connected",
          "percentage": false,
          "pointradius": 5,
          "points": false,
          "renderer": "flot",
          "seriesOverrides": [],
          "span": 4,
          "stack": true,
          "steppedLine": false,
          "targets": [
            {
              "refId": "B",
              "target": "aliasByNode(sumSeriesWithWildcards(folio.okapi.10.36.1.$node.proxy.$tenant.GET.*.m1_rate, 7, 8, 9), 5)",
              "textEditor": false
            }
          ],
          "timeFrom": null,
          "timeShift": null,
          "title": "Activity by Node",
          "tooltip": {
            "msResolution": true,
            "shared": true,
            "value_type": "cumulative"
          },
          "type": "graph",
          "xaxis": {
            "show": true
          },
          "yaxes": [
            {
              "format": "short",
              "label": null,
              "logBase": 1,
              "max": null,
              "min": null,
              "show": true
            },
            {
              "format": "short",
              "label": null,
              "logBase": 1,
              "max": null,
              "min": null,
              "show": true
            }
          ]
        },
        {
          "aliasColors": {},
          "bars": true,
          "datasource": null,
          "editable": true,
          "error": false,
          "fill": 1,
          "grid": {
            "threshold1": null,
            "threshold1Color": "rgba(216, 200, 27, 0.27)",
            "threshold2": null,
            "threshold2Color": "rgba(234, 112, 112, 0.22)"
          },
          "id": 8,
          "isNew": true,
          "legend": {
            "avg": false,
            "current": false,
            "max": false,
            "min": false,
            "show": true,
            "total": false,
            "values": false
          },
          "lines": false,
          "linewidth": 2,
          "links": [],
          "nullPointMode": "connected",
          "percentage": false,
          "pointradius": 5,
          "points": false,
          "renderer": "flot",
          "seriesOverrides": [],
          "span": 4,
          "stack": true,
          "steppedLine": false,
          "targets": [
            {
              "refId": "B",
              "target": "aliasByNode(sumSeriesWithWildcards(folio.okapi.10.36.1.$node.proxy.$tenant.GET.*.m1_rate, 5, 8, 9), 6)",
              "textEditor": false
            }
          ],
          "timeFrom": null,
          "timeShift": null,
          "title": "Activity by Tenant",
          "tooltip": {
            "msResolution": true,
            "shared": true,
            "value_type": "cumulative"
          },
          "type": "graph",
          "xaxis": {
            "show": true
          },
          "yaxes": [
            {
              "format": "short",
              "label": null,
              "logBase": 1,
              "max": null,
              "min": null,
              "show": true
            },
            {
              "format": "short",
              "label": null,
              "logBase": 1,
              "max": null,
              "min": null,
              "show": true
            }
          ]
        },
        {
          "aliasColors": {},
          "bars": true,
          "datasource": null,
          "editable": true,
          "error": false,
          "fill": 1,
          "grid": {
            "threshold1": null,
            "threshold1Color": "rgba(216, 200, 27, 0.27)",
            "threshold2": null,
            "threshold2Color": "rgba(234, 112, 112, 0.22)"
          },
          "id": 28,
          "isNew": true,
          "legend": {
            "avg": false,
            "current": false,
            "max": false,
            "min": false,
            "show": true,
            "total": false,
            "values": false
          },
          "lines": false,
          "linewidth": 2,
          "links": [],
          "nullPointMode": "connected",
          "percentage": false,
          "pointradius": 5,
          "points": false,
          "renderer": "flot",
          "seriesOverrides": [],
          "span": 4,
          "stack": true,
          "steppedLine": false,
          "targets": [
            {
              "refId": "B",
              "target": "aliasByNode(sumSeriesWithWildcards(folio.okapi.10.36.1.$node.proxy.$tenant.GET.*.m1_rate, 5, 7, 8), 6)",
              "textEditor": false
            }
          ],
          "timeFrom": null,
          "timeShift": null,
          "title": "Activity by Module",
          "tooltip": {
            "msResolution": true,
            "shared": true,
            "value_type": "cumulative"
          },
          "type": "graph",
          "xaxis": {
            "show": true
          },
          "yaxes": [
            {
              "format": "short",
              "label": null,
              "logBase": 1,
              "max": null,
              "min": null,
              "show": true
            },
            {
              "format": "short",
              "label": null,
              "logBase": 1,
              "max": null,
              "min": null,
              "show": true
            }
          ]
        }
      ],
      "title": "New row"
    },
    {
      "collapse": false,
      "editable": true,
      "height": "150px",
      "panels": [
        {
          "cacheTimeout": null,
          "colorBackground": true,
          "colorValue": false,
          "colors": [
            "rgb(40, 103, 21)",
            "rgba(224, 221, 27, 0.89)",
            "rgba(201, 33, 70, 0.97)"
          ],
          "datasource": null,
          "editable": true,
          "error": false,
          "format": "none",
          "gauge": {
            "maxValue": 10,
            "minValue": 0,
            "show": false,
            "thresholdLabels": true,
            "thresholdMarkers": true
          },
          "height": "40px",
          "id": 11,
          "interval": null,
          "isNew": true,
          "links": [
            {
              "dashUri": "db/node-summary",
              "dashboard": "Node summary",
              "params": "var-node=$node",
              "title": "Node summary",
              "type": "dashboard"
            }
          ],
          "maxDataPoints": 100,
          "minSpan": 2,
          "nullPointMode": "connected",
          "nullText": null,
          "postfix": "",
          "postfixFontSize": "50%",
          "prefix": "",
          "prefixFontSize": "50%",
          "repeat": "node",
          "scopedVars": {
            "node": {
              "selected": false,
              "text": "114",
              "value": "114"
            }
          },
          "span": 4,
          "sparkline": {
            "fillColor": "rgba(31, 118, 189, 0.18)",
            "full": true,
            "lineColor": "rgb(31, 120, 193)",
            "show": true
          },
          "targets": [
            {
              "refId": "A",
              "target": "folio.okapi.10.36.1.$node.vertx.http.servers.*.*.*.*.requests.m1_rate"
            }
          ],
          "thresholds": "3,7",
          "title": "Node \"$node\"",
          "type": "singlestat",
          "valueFontSize": "80%",
          "valueMaps": [
            {
              "op": "=",
              "text": "N/A",
              "value": "null"
            }
          ],
          "valueName": "current"
        },
        {
          "cacheTimeout": null,
          "colorBackground": true,
          "colorValue": false,
          "colors": [
            "rgb(40, 103, 21)",
            "rgba(224, 221, 27, 0.89)",
            "rgba(201, 33, 70, 0.97)"
          ],
          "datasource": null,
          "editable": true,
          "error": false,
          "format": "none",
          "gauge": {
            "maxValue": 10,
            "minValue": 0,
            "show": false,
            "thresholdLabels": true,
            "thresholdMarkers": true
          },
          "height": "40px",
          "id": 25,
          "interval": null,
          "isNew": true,
          "links": [
            {
              "dashUri": "db/node-summary",
              "dashboard": "Node summary",
              "params": "var-node=$node",
              "title": "Node summary",
              "type": "dashboard"
            }
          ],
          "maxDataPoints": 100,
          "minSpan": 2,
          "nullPointMode": "connected",
          "nullText": null,
          "postfix": "",
          "postfixFontSize": "50%",
          "prefix": "",
          "prefixFontSize": "50%",
          "repeat": null,
          "scopedVars": {
            "node": {
              "selected": false,
              "text": "102",
              "value": "102"
            }
          },
          "span": 4,
          "sparkline": {
            "fillColor": "rgba(31, 118, 189, 0.18)",
            "full": true,
            "lineColor": "rgb(31, 120, 193)",
            "show": true
          },
          "targets": [
            {
              "refId": "A",
              "target": "folio.okapi.10.36.1.$node.vertx.http.servers.*.*.*.*.requests.m1_rate"
            }
          ],
          "thresholds": "3,7",
          "title": "Node \"$node\"",
          "type": "singlestat",
          "valueFontSize": "80%",
          "valueMaps": [
            {
              "op": "=",
              "text": "N/A",
              "value": "null"
            }
          ],
          "valueName": "current",
          "repeatIteration": 1464189264332,
          "repeatPanelId": 11
        },
        {
          "cacheTimeout": null,
          "colorBackground": true,
          "colorValue": false,
          "colors": [
            "rgb(40, 103, 21)",
            "rgba(224, 221, 27, 0.89)",
            "rgba(201, 33, 70, 0.97)"
          ],
          "datasource": null,
          "editable": true,
          "error": false,
          "format": "none",
          "gauge": {
            "maxValue": 10,
            "minValue": 0,
            "show": false,
            "thresholdLabels": true,
            "thresholdMarkers": true
          },
          "height": "40px",
          "id": 26,
          "interval": null,
          "isNew": true,
          "links": [
            {
              "dashUri": "db/node-summary",
              "dashboard": "Node summary",
              "params": "var-node=$node",
              "title": "Node summary",
              "type": "dashboard"
            }
          ],
          "maxDataPoints": 100,
          "minSpan": 2,
          "nullPointMode": "connected",
          "nullText": null,
          "postfix": "",
          "postfixFontSize": "50%",
          "prefix": "",
          "prefixFontSize": "50%",
          "repeat": null,
          "scopedVars": {
            "node": {
              "selected": false,
              "text": "25",
              "value": "25"
            }
          },
          "span": 4,
          "sparkline": {
            "fillColor": "rgba(31, 118, 189, 0.18)",
            "full": true,
            "lineColor": "rgb(31, 120, 193)",
            "show": true
          },
          "targets": [
            {
              "refId": "A",
              "target": "folio.okapi.10.36.1.$node.vertx.http.servers.*.*.*.*.requests.m1_rate"
            }
          ],
          "thresholds": "3,7",
          "title": "Node \"$node\"",
          "type": "singlestat",
          "valueFontSize": "80%",
          "valueMaps": [
            {
              "op": "=",
              "text": "N/A",
              "value": "null"
            }
          ],
          "valueName": "current",
          "repeatIteration": 1464189264332,
          "repeatPanelId": 11
        }
      ],
      "repeat": "nodes",
      "showTitle": true,
      "title": "Http Requests/min"
    },
    {
      "collapse": false,
      "editable": true,
      "height": "150px",
      "panels": [
        {
          "cacheTimeout": null,
          "colorBackground": true,
          "colorValue": false,
          "colors": [
            "rgba(21, 121, 16, 0.97)",
            "rgba(237, 129, 40, 0.89)",
            "rgba(245, 54, 54, 0.9)"
          ],
          "datasource": null,
          "editable": true,
          "error": false,
          "format": "none",
          "gauge": {
            "maxValue": 100,
            "minValue": 0,
            "show": false,
            "thresholdLabels": false,
            "thresholdMarkers": true
          },
          "height": "40px",
          "id": 24,
          "interval": null,
          "isNew": true,
          "links": [
            {
              "dashUri": "db/module-summary",
              "dashboard": "Module summary",
              "params": "var-module=$module",
              "title": "Module summary",
              "type": "dashboard"
            }
          ],
          "maxDataPoints": 100,
          "minSpan": 3,
          "nullPointMode": "connected",
          "nullText": null,
          "postfix": "",
          "postfixFontSize": "50%",
          "prefix": "",
          "prefixFontSize": "50%",
          "repeat": "module",
          "scopedVars": {
            "module": {
              "selected": false,
              "text": "sample",
              "value": "sample"
            }
          },
          "span": 12,
          "sparkline": {
            "fillColor": "rgba(31, 118, 189, 0.18)",
            "full": true,
            "lineColor": "rgb(31, 120, 193)",
            "show": true
          },
          "targets": [
            {
              "refId": "A",
              "target": "sumSeriesWithWildcards(folio.okapi.10.36.1.$node.proxy.$tenant.GET.$module.m1_rate, 5, 7, 8)"
            }
          ],
          "thresholds": "3,7",
          "title": "Module \"$module\"",
          "type": "singlestat",
          "valueFontSize": "80%",
          "valueMaps": [
            {
              "op": "=",
              "text": "N/A",
              "value": "null"
            }
          ],
          "valueName": "avg"
        }
      ],
      "title": "New row"
    },
    {
      "collapse": false,
      "editable": true,
      "height": "150px",
      "panels": [
        {
          "cacheTimeout": null,
          "colorBackground": true,
          "colorValue": false,
          "colors": [
            "rgba(34, 100, 32, 0.97)",
            "rgba(237, 129, 40, 0.89)",
            "rgba(245, 54, 54, 0.9)"
          ],
          "datasource": null,
          "editable": true,
          "error": false,
          "format": "none",
          "gauge": {
            "maxValue": 100,
            "minValue": 0,
            "show": false,
            "thresholdLabels": false,
            "thresholdMarkers": true
          },
          "height": "50px",
          "id": 18,
          "interval": null,
          "isNew": true,
          "links": [
            {
              "dashUri": "db/tenant-summary",
              "dashboard": "Tenant summary",
              "params": "var-tenant?$tenant",
              "title": "Tenant summary",
              "type": "dashboard"
            }
          ],
          "maxDataPoints": 100,
          "minSpan": 4,
          "nullPointMode": "connected",
          "nullText": null,
          "postfix": "",
          "postfixFontSize": "50%",
          "prefix": "",
          "prefixFontSize": "50%",
          "repeat": "tenant",
          "scopedVars": {
            "tenant": {
              "selected": false,
              "text": "other",
              "value": "other"
            }
          },
          "span": 6,
          "sparkline": {
            "fillColor": "rgba(31, 118, 189, 0.18)",
            "full": true,
            "lineColor": "rgb(13, 61, 197)",
            "show": true
          },
          "targets": [
            {
              "refId": "A",
              "target": "sumSeriesWithWildcards(folio.okapi.10.36.1.$node.proxy.$tenant.*.*.m1_rate, 5, 8, 9)"
            }
          ],
          "thresholds": "3,7",
          "title": "Tenant \"$tenant\"",
          "type": "singlestat",
          "valueFontSize": "80%",
          "valueMaps": [
            {
              "op": "=",
              "text": "N/A",
              "value": "null"
            }
          ],
          "valueName": "avg"
        },
        {
          "cacheTimeout": null,
          "colorBackground": true,
          "colorValue": false,
          "colors": [
            "rgba(34, 100, 32, 0.97)",
            "rgba(237, 129, 40, 0.89)",
            "rgba(245, 54, 54, 0.9)"
          ],
          "datasource": null,
          "editable": true,
          "error": false,
          "format": "none",
          "gauge": {
            "maxValue": 100,
            "minValue": 0,
            "show": false,
            "thresholdLabels": false,
            "thresholdMarkers": true
          },
          "height": "50px",
          "id": 27,
          "interval": null,
          "isNew": true,
          "links": [
            {
              "dashUri": "db/tenant-summary",
              "dashboard": "Tenant summary",
              "params": "var-tenant?$tenant",
              "title": "Tenant summary",
              "type": "dashboard"
            }
          ],
          "maxDataPoints": 100,
          "minSpan": 4,
          "nullPointMode": "connected",
          "nullText": null,
          "postfix": "",
          "postfixFontSize": "50%",
          "prefix": "",
          "prefixFontSize": "50%",
          "repeat": null,
          "scopedVars": {
            "tenant": {
              "selected": false,
              "text": "our",
              "value": "our"
            }
          },
          "span": 6,
          "sparkline": {
            "fillColor": "rgba(31, 118, 189, 0.18)",
            "full": true,
            "lineColor": "rgb(13, 61, 197)",
            "show": true
          },
          "targets": [
            {
              "refId": "A",
              "target": "sumSeriesWithWildcards(folio.okapi.10.36.1.$node.proxy.$tenant.*.*.m1_rate, 5, 8, 9)"
            }
          ],
          "thresholds": "3,7",
          "title": "Tenant \"$tenant\"",
          "type": "singlestat",
          "valueFontSize": "80%",
          "valueMaps": [
            {
              "op": "=",
              "text": "N/A",
              "value": "null"
            }
          ],
          "valueName": "avg",
          "repeatIteration": 1464189264332,
          "repeatPanelId": 18
        }
      ],
      "title": "HTTP requests/min for each tenant"
    },
    {
      "collapse": true,
      "editable": true,
      "height": "250px",
      "panels": [
        {
          "aliasColors": {},
          "bars": false,
          "datasource": null,
          "editable": true,
          "error": false,
          "fill": 1,
          "grid": {
            "threshold1": null,
            "threshold1Color": "rgba(216, 200, 27, 0.27)",
            "threshold2": null,
            "threshold2Color": "rgba(234, 112, 112, 0.22)"
          },
          "id": 9,
          "isNew": true,
          "legend": {
            "avg": false,
            "current": false,
            "max": false,
            "min": false,
            "show": true,
            "total": false,
            "values": false
          },
          "lines": true,
          "linewidth": 2,
          "links": [],
          "nullPointMode": "connected",
          "percentage": false,
          "pointradius": 3,
          "points": false,
          "renderer": "flot",
          "seriesOverrides": [],
          "span": 6,
          "stack": false,
          "steppedLine": false,
          "targets": [
            {
              "refId": "A",
              "target": "aliasByNode(sumSeriesWithWildcards(folio.okapi.localhost.proxy.*.module.*.p50, 4), 5)",
              "textEditor": false
            },
            {
              "refId": "B",
              "target": "folio.okapi.10.36.1.114.modules.count"
            }
          ],
          "timeFrom": null,
          "timeShift": null,
          "title": "Module times (ms)",
          "tooltip": {
            "msResolution": true,
            "shared": true,
            "value_type": "cumulative"
          },
          "type": "graph",
          "xaxis": {
            "show": true
          },
          "yaxes": [
            {
              "format": "short",
              "label": null,
              "logBase": 1,
              "max": null,
              "min": null,
              "show": true
            },
            {
              "format": "short",
              "label": null,
              "logBase": 1,
              "max": null,
              "min": null,
              "show": true
            }
          ]
        },
        {
          "aliasColors": {},
          "bars": false,
          "datasource": null,
          "editable": true,
          "error": false,
          "fill": 1,
          "grid": {
            "threshold1": null,
            "threshold1Color": "rgba(216, 200, 27, 0.27)",
            "threshold2": null,
            "threshold2Color": "rgba(234, 112, 112, 0.22)"
          },
          "id": 10,
          "isNew": true,
          "legend": {
            "avg": false,
            "current": false,
            "max": false,
            "min": false,
            "show": true,
            "total": false,
            "values": false
          },
          "lines": true,
          "linewidth": 2,
          "links": [],
          "nullPointMode": "connected",
          "percentage": false,
          "pointradius": 5,
          "points": false,
          "renderer": "flot",
          "seriesOverrides": [],
          "span": 6,
          "stack": false,
          "steppedLine": false,
          "targets": [
            {
              "refId": "B",
              "target": "aliasByNode(scale(folio.okapi.localhost.deploy.*.deploy.mean, 0.001), 4)",
              "textEditor": false
            }
          ],
          "timeFrom": null,
          "timeShift": null,
          "title": "Module Deployment times (sec)",
          "tooltip": {
            "msResolution": true,
            "shared": true,
            "value_type": "cumulative"
          },
          "type": "graph",
          "xaxis": {
            "show": true
          },
          "yaxes": [
            {
              "format": "short",
              "label": null,
              "logBase": 1,
              "max": null,
              "min": null,
              "show": true
            },
            {
              "format": "short",
              "label": null,
              "logBase": 1,
              "max": null,
              "min": null,
              "show": true
            }
          ]
        }
      ],
      "title": "New row"
    },
    {
      "collapse": true,
      "editable": true,
      "height": "150px",
      "panels": [
        {
          "cacheTimeout": null,
          "colorBackground": false,
          "colorValue": false,
          "colors": [
            "rgba(245, 54, 54, 0.9)",
            "rgba(237, 129, 40, 0.89)",
            "rgba(50, 172, 45, 0.97)"
          ],
          "datasource": null,
          "editable": true,
          "error": false,
          "format": "none",
          "gauge": {
            "maxValue": 100,
            "minValue": 0,
            "show": false,
            "thresholdLabels": false,
            "thresholdMarkers": true
          },
          "height": "50px",
          "id": 16,
          "interval": null,
          "isNew": true,
          "links": [],
          "maxDataPoints": 100,
          "nullPointMode": "connected",
          "nullText": null,
          "postfix": "",
          "postfixFontSize": "50%",
          "prefix": "",
          "prefixFontSize": "50%",
          "span": 3,
          "sparkline": {
            "fillColor": "rgba(31, 118, 189, 0.18)",
            "full": true,
            "lineColor": "rgb(31, 120, 193)",
            "show": true
          },
          "targets": [
            {
              "refId": "B",
              "target": "sumSeriesWithWildcards(folio.okapi.10.36.1.*.vertx.verticles.count, 5)"
            }
          ],
          "thresholds": "",
          "title": "Total Nodes",
          "type": "singlestat",
          "valueFontSize": "80%",
          "valueMaps": [
            {
              "op": "=",
              "text": "N/A",
              "value": "null"
            }
          ],
          "valueName": "avg"
        },
        {
          "cacheTimeout": "10",
          "colorBackground": false,
          "colorValue": false,
          "colors": [
            "rgba(245, 54, 54, 0.9)",
            "rgba(237, 129, 40, 0.89)",
            "rgba(50, 172, 45, 0.97)"
          ],
          "datasource": null,
          "editable": true,
          "error": false,
          "format": "none",
          "gauge": {
            "maxValue": 100,
            "minValue": 0,
            "show": false,
            "thresholdLabels": false,
            "thresholdMarkers": true
          },
          "height": "50px",
          "id": 14,
          "interval": null,
          "isNew": true,
          "links": [],
          "maxDataPoints": 100,
          "nullPointMode": "connected",
          "nullText": null,
          "postfix": "",
          "postfixFontSize": "50%",
          "prefix": "",
          "prefixFontSize": "50%",
          "span": 3,
          "sparkline": {
            "fillColor": "rgba(31, 118, 189, 0.18)",
            "full": false,
            "lineColor": "rgb(31, 120, 193)",
            "show": true
          },
          "targets": [
            {
              "refId": "A",
              "target": "sumSeriesWithWildcards(folio.okapi.10.36.1.$node.modules.count, 5)"
            }
          ],
          "thresholds": "",
          "title": "Total modules",
          "type": "singlestat",
          "valueFontSize": "80%",
          "valueMaps": [
            {
              "op": "=",
              "text": "N/A",
              "value": "null"
            }
          ],
          "valueName": "avg"
        },
        {
          "cacheTimeout": null,
          "colorBackground": false,
          "colorValue": false,
          "colors": [
            "rgba(245, 54, 54, 0.9)",
            "rgba(237, 129, 40, 0.89)",
            "rgba(50, 172, 45, 0.97)"
          ],
          "datasource": null,
          "editable": true,
          "error": false,
          "format": "none",
          "gauge": {
            "maxValue": 100,
            "minValue": 0,
            "show": false,
            "thresholdLabels": false,
            "thresholdMarkers": true
          },
          "height": "50px",
          "id": 15,
          "interval": null,
          "isNew": true,
          "links": [],
          "maxDataPoints": 100,
          "nullPointMode": "connected",
          "nullText": null,
          "postfix": "",
          "postfixFontSize": "50%",
          "prefix": "",
          "prefixFontSize": "50%",
          "span": 3,
          "sparkline": {
            "fillColor": "rgba(31, 118, 189, 0.18)",
            "full": false,
            "lineColor": "rgb(31, 120, 193)",
            "show": true
          },
          "targets": [
            {
              "refId": "A",
              "target": "averageSeriesWithWildcards(folio.okapi.10.36.1.*.tenants.count, 5)"
            }
          ],
          "thresholds": "",
          "title": "Total tenants",
          "type": "singlestat",
          "valueFontSize": "80%",
          "valueMaps": [
            {
              "op": "=",
              "text": "N/A",
              "value": "null"
            }
          ],
          "valueName": "avg"
        }
      ],
      "title": "New row"
    }
  ],
  "time": {
    "from": "now-3h",
    "to": "now"
  },
  "timepicker": {
    "refresh_intervals": [
      "5s",
      "10s",
      "30s",
      "1m",
      "5m",
      "15m",
      "30m",
      "1h",
      "2h",
      "1d"
    ],
    "time_options": [
      "5m",
      "15m",
      "1h",
      "6h",
      "12h",
      "24h",
      "2d",
      "7d",
      "30d"
    ]
  },
  "templating": {
    "list": [
      {
        "current": {
          "tags": [],
          "text": "All",
          "value": [
            "$__all"
          ]
        },
        "datasource": null,
        "hide": 0,
        "includeAll": true,
        "label": "",
        "multi": true,
        "name": "node",
        "options": [
          {
            "selected": true,
            "text": "All",
            "value": "$__all"
          },
          {
            "selected": false,
            "text": "114",
            "value": "114"
          },
          {
            "selected": false,
            "text": "102",
            "value": "102"
          },
          {
            "selected": false,
            "text": "25",
            "value": "25"
          }
        ],
        "query": "folio.okapi.*.*.*.*",
        "refresh": 0,
        "regex": "",
        "type": "query"
      },
      {
        "current": {
          "tags": [],
          "text": "All",
          "value": [
            "$__all"
          ]
        },
        "datasource": null,
        "hide": 0,
        "includeAll": true,
        "multi": true,
        "name": "module",
        "options": [
          {
            "selected": true,
            "text": "All",
            "value": "$__all"
          },
          {
            "selected": false,
            "text": "sample",
            "value": "sample"
          }
        ],
        "query": "folio.okapi.10.36.1.$node.proxy.$tenant.*.*",
        "refresh": 0,
        "type": "query"
      },
      {
        "current": {
          "tags": [],
          "text": "All",
          "value": [
            "$__all"
          ]
        },
        "datasource": null,
        "hide": 0,
        "includeAll": true,
        "multi": true,
        "name": "tenant",
        "options": [
          {
            "selected": true,
            "text": "All",
            "value": "$__all"
          },
          {
            "selected": false,
            "text": "other",
            "value": "other"
          },
          {
            "selected": false,
            "text": "our",
            "value": "our"
          }
        ],
        "query": "folio.okapi.*.*.*.*.proxy.*",
        "refresh": 0,
        "type": "query"
      }
    ]
  },
  "annotations": {
    "list": []
  },
  "refresh": "10s",
  "schemaVersion": 12,
  "version": 62,
  "links": []
}
