<?xml version="1.0" encoding="UTF-8"?>
<actions>
        <action>
            <actionName>run</actionName>
            <packagings>
                <packaging>jar</packaging>
            </packagings>
            <goals>
                <goal>process-classes</goal>
                <goal>org.codehaus.mojo:exec-maven-plugin:1.2.1:java</goal>
            </goals>
            <properties>
                <exec.args>run com.indexdata.okapi.MainVerticle</exec.args>
                <exec.mainClass>io.vertx.core.Starter</exec.mainClass>
            </properties>
        </action>
        <action>
            <actionName>debug</actionName>
            <packagings>
                <packaging>jar</packaging>
            </packagings>
            <goals>
                <goal>process-classes</goal>
                <goal>org.codehaus.mojo:exec-maven-plugin:1.2.1:exec</goal>
            </goals>
            <properties>
                <exec.args>-Xdebug -Xrunjdwp:transport=dt_socket,server=n,address=${jpda.address} -classpath %classpath io.vertx.core.Starter run com.indexdata.okapi.MainVerticle</exec.args>
                <exec.executable>java</exec.executable>
                <jpda.listen>true</jpda.listen>
            </properties>
        </action>
        <action>
            <actionName>profile</actionName>
            <packagings>
                <packaging>jar</packaging>
            </packagings>
            <goals>
                <goal>process-classes</goal>
                <goal>org.codehaus.mojo:exec-maven-plugin:1.2.1:exec</goal>
            </goals>
            <properties>
                <exec.args>-classpath %classpath io.vertx.core.Starter run com.indexdata.okapi.MainVerticle</exec.args>
                <exec.executable>java</exec.executable>
            </properties>
        </action>
        <action>
            <actionName>CUSTOM-Run Verticle</actionName>
            <displayName>Run Verticle</displayName>
            <goals>
                <goal>process-classes</goal>
                <goal>org.codehaus.mojo:exec-maven-plugin:1.2.1:java</goal>
            </goals>
            <properties>
                <exec.args>run ${packageClassName}</exec.args>
                <exec.mainClass>io.vertx.core.Starter</exec.mainClass>
            </properties>
        </action>
    </actions>
